<?xml version="1.0" encoding="UTF-8"?>
<project-private xmlns="http://www.netbeans.org/ns/project-private/1">
    <editor-bookmarks xmlns="http://www.netbeans.org/ns/editor-bookmarks/2" lastBookmarkId="0"/>
    <open-files xmlns="http://www.netbeans.org/ns/projectui-open-files/2">
        <group>
            <file>file:/C:/Program%20Files%20(x86)/EasyPHP-Devserver-17/eds-www/simulados/procadaluno.php</file>
            <file>file:/C:/Program%20Files%20(x86)/EasyPHP-Devserver-17/eds-www/simulados/cadprof.php</file>
            <file>file:/C:/Program%20Files%20(x86)/EasyPHP-Devserver-17/eds-www/simulados/index.php</file>
            <file>file:/C:/Program%20Files%20(x86)/EasyPHP-Devserver-17/eds-www/simulados/comeca.php</file>
            <file>file:/C:/Program%20Files%20(x86)/EasyPHP-Devserver-17/eds-www/simulados/verifprv.php</file>
            <file>file:/C:/Program%20Files%20(x86)/EasyPHP-Devserver-17/eds-www/simulados/procquestao.php</file>
            <file>file:/C:/Program%20Files%20(x86)/EasyPHP-Devserver-17/eds-www/simulados/procprova.php</file>
            <file>file:/C:/Program%20Files%20(x86)/EasyPHP-Devserver-17/eds-www/simulados/cadprova.php</file>
            <file>file:/C:/Program%20Files%20(x86)/EasyPHP-Devserver-17/eds-www/simulados/relgeral.php</file>
            <file>file:/C:/Program%20Files%20(x86)/EasyPHP-Devserver-17/eds-www/simulados/cadAluno.php</file>
            <file>file:/C:/Program%20Files%20(x86)/EasyPHP-Devserver-17/eds-www/simulados/menuaside.php</file>
            <file>file:/C:/Program%20Files%20(x86)/EasyPHP-Devserver-17/eds-www/simulados/cadquestao.php</file>
            <file>file:/C:/Program%20Files%20(x86)/EasyPHP-Devserver-17/eds-www/simulados/login.php</file>
            <file>file:/C:/Program%20Files%20(x86)/EasyPHP-Devserver-17/eds-www/simulados/conecta.php</file>
            <file>file:/C:/Program%20Files%20(x86)/EasyPHP-Devserver-17/eds-www/simulados/footer.php</file>
            <file>file:/C:/Program%20Files%20(x86)/EasyPHP-Devserver-17/eds-www/simulados/cabecalho.php</file>
            <file>file:/C:/Program%20Files%20(x86)/EasyPHP-Devserver-17/eds-www/simulados/menutopo.php</file>
            <file>file:/C:/Program%20Files%20(x86)/EasyPHP-Devserver-17/eds-www/simulados/inccquestao.php</file>
        </group>
    </open-files>
</project-private>
